{"cameraMode":{"drawMode":0,"name":"Shaded","section":"Shading Mode"},"sceneLighting":false,"audioPlay":false,"sceneViewState":{"showFog":true,"showMaterialUpdate":false,"showSkybox":false,"showFlares":true,"showImageEffects":true,"showParticleSystems":true},"in2DMode":false,"pivot":{"x":-31.495412826538087,"y":3.750000476837158,"z":-4.76837158203125e-7},"rotation":{"x":-0.25933536887168887,"y":0.4666097164154053,"z":-0.14526481926441194,"w":-0.8330183029174805},"size":2.8822669982910158,"orthographic":false}